# Instrukcja importu produktów z pliku CSV
# 1. Najpierw upewnij się, że kategorie produktów są już utworzone w systemie
# 2. Wartość w kolumnie "category" musi dokładnie odpowiadać istniejącej kategorii w systemie
# 3. Jeśli kategoria nie istnieje, import produktu się nie powiedzie
# 4. Pola oznaczone (*) są obowiązkowe

name(*),shortDescription(*),longDescription(*),price(*),purchasePrice,weight(*),category(*),vatRate(*),sku(*),barcode,imageUrl,allergens,nutritionFacts,dietaryPreferences
"Sałatka Grecka","Świeża sałatka z serem feta","Klasyczna grecka sałatka z pomidorami, ogórkiem, papryką, czerwoną cebulą, oliwkami i serem feta.",16.99,9.50,350,"Sałatki","8%","SAL-001","5901234123457","https://example.com/salatka-grecka.jpg","Zawiera: mleko, orzechy","{ ""energia"": 180, ""tłuszcz"": 12, ""weglowodany"": 15, ""białko"": 8 }","wegetariańskie"
"Kanapka z kurczakiem","Świeża kanapka z grillowanym kurczakiem","Kanapka pełnoziarnista z grillowanym kurczakiem, świeżymi warzywami i sosem czosnkowym.",12.50,7.20,280,"Kanapki","5%","KAN-001","5901234123458","https://example.com/kanapka-kurczak.jpg","Zawiera: gluten, mleko","{ ""energia"": 320, ""tłuszcz"": 9, ""weglowodany"": 35, ""białko"": 22 }",""
"Wrap Warzywny","Wrap z hummusem i warzywami","Pełnoziarnisty wrap z hummusem, grillowanymi warzywami, rukolą i sosem tahini.",14.90,8.30,310,"Wrapy","8%","WRA-001","5901234123459","https://example.com/wrap-warzywny.jpg","Zawiera: gluten, sezam","{ ""energia"": 290, ""tłuszcz"": 8, ""weglowodany"": 42, ""białko"": 12 }","wegetariańskie,wegańskie"